Date,BTC,ETH
01/01/2018,13657.2002,772.640991
02/01/2018,14982.09961,884.44397
03/01/2018,15201,962.719971
04/01/2018,15599.2002,980.921997
05/01/2018,17429.5,997.719971
06/01/2018,17527,1041.680054
07/01/2018,16477.59961,1153.170044
08/01/2018,15170.09961,1148.530029
09/01/2018,14595.40039,1299.73999
10/01/2018,14973.29981,1255.819946
11/01/2018,13405.79981,1154.930054
12/01/2018,13980.59961,1273.199951
13/01/2018,14360.2002,1396.420044
14/01/2018,13772,1366.77002
15/01/2018,13819.79981,1291.920044
16/01/2018,11490.5,1053.689941
17/01/2018,11188.59961,1014.25
18/01/2018,11474.90039,1036.280029
19/01/2018,11607.40039,1039.099976
20/01/2018,12899.2002,1155.150024
21/01/2018,11600.09961,1049.579956
22/01/2018,10931.40039,1003.26001
23/01/2018,10868.40039,986.229004
24/01/2018,11359.40039,1058.780029
25/01/2018,11259.40039,1056.030029
26/01/2018,11171.40039,1055.170044
27/01/2018,11440.7002,1107.069946
28/01/2018,11786.29981,1246.01001
29/01/2018,11296.40039,1182.359985
30/01/2018,10106.29981,1071.130005
31/01/2018,10221.09961,1118.310059
01/02/2018,9170.540039,1036.790039
02/02/2018,8830.75,915.784973
03/02/2018,9174.910156,964.018982
04/02/2018,8277.009766,834.682007
05/02/2018,6955.27002,697.950989
06/02/2018,7754,793.122009
07/02/2018,7621.299805,757.067993
08/02/2018,8265.589844,817.807007
09/02/2018,8736.980469,883.86499
10/02/2018,8621.900391,860.414978
11/02/2018,8129.970215,814.659973
12/02/2018,8926.570313,868.70697
13/02/2018,8598.30957,845.257996
14/02/2018,9494.629883,923.560974
15/02/2018,10166.40039,936.976013
16/02/2018,10233.90039,944.210022
17/02/2018,11112.7002,974.11499
18/02/2018,10551.79981,923.921021
19/02/2018,11225.29981,943.86499
20/02/2018,11403.7002,895.370972
21/02/2018,10690.40039,849.971008
22/02/2018,10005,812.844971
23/02/2018,10301.09961,864.189026
24/02/2018,9813.070313,840.515015
25/02/2018,9664.730469,844.809998
26/02/2018,10366.7002,869.315002
27/02/2018,10725.59961,878.265015
28/02/2018,10397.90039,855.198975
01/03/2018,10951,872.200012
02/03/2018,11086.40039,856.853027
03/03/2018,11489.7002,857.224976
04/03/2018,11512.59961,866.677979
05/03/2018,11573.29981,853.684021
06/03/2018,10779.90039,816.950989
07/03/2018,9965.570313,752.830994
08/03/2018,9395.009766,704.596008
09/03/2018,9337.549805,728.916016
10/03/2018,8866,686.890015
11/03/2018,9578.629883,723.338989
12/03/2018,9205.120117,699.830994
13/03/2018,9194.849609,690.827026
14/03/2018,8269.80957,614.291016
15/03/2018,8300.860352,611.304016
16/03/2018,8338.349609,601.666016
17/03/2018,7916.879883,552.778992
18/03/2018,8223.679688,538.643982
19/03/2018,8630.650391,556.726013
20/03/2018,8913.469727,557.174988
21/03/2018,8929.280273,561.731995
22/03/2018,8728.469727,539.702026
23/03/2018,8879.620117,539.619019
24/03/2018,8668.120117,526.439026
25/03/2018,8495.780273,524.286987
26/03/2018,8209.400391,489.950989
27/03/2018,7833.040039,450.115997
28/03/2018,7954.47998,446.278992
29/03/2018,7165.700195,385.967987
30/03/2018,6890.52002,394.644989
31/03/2018,6973.529785,396.457001
01/04/2018,6844.22998,379.606995
02/04/2018,7083.799805,386.424988
03/04/2018,7456.109863,416.893005
04/04/2018,6853.839844,380.542999
05/04/2018,6811.470215,383.231995
06/04/2018,6636.319824,370.285004
07/04/2018,6911.089844,385.313995
08/04/2018,7023.52002,400.507996
09/04/2018,6770.72998,398.526001
10/04/2018,6834.759766,414.243011
11/04/2018,6968.319824,430.540009
12/04/2018,7889.25,492.94101
13/04/2018,7895.959961,492.734985
14/04/2018,7986.240234,501.477997
15/04/2018,8329.110352,531.702026
16/04/2018,8058.669922,511.147003
17/04/2018,7902.089844,502.894012
18/04/2018,8163.419922,524.789001
19/04/2018,8294.30957,567.888977
20/04/2018,8845.830078,615.718018
21/04/2018,8895.580078,605.39502
22/04/2018,8802.459961,621.859985
23/04/2018,8930.879883,642.547974
24/04/2018,9697.5,708.15802
25/04/2018,8845.740234,615.416016
26/04/2018,9281.509766,662.809021
27/04/2018,8987.049805,647.031982
28/04/2018,9348.480469,683.677979
29/04/2018,9419.080078,688.880981
30/04/2018,9240.549805,669.924011
01/05/2018,9119.009766,673.612976
02/05/2018,9235.919922,687.148987
03/05/2018,9743.860352,779.54303
04/05/2018,9700.759766,785.624023
05/05/2018,9858.150391,816.119995
06/05/2018,9654.799805,792.310974
07/05/2018,9373.009766,753.724976
08/05/2018,9234.820313,752.856995
09/05/2018,9325.179688,752.275024
10/05/2018,9043.94043,727.276978
11/05/2018,8441.490234,679.585999
12/05/2018,8504.889648,686.047974
13/05/2018,8723.94043,733.495972
14/05/2018,8716.790039,730.549011
15/05/2018,8510.379883,708.870972
16/05/2018,8368.830078,707.049988
17/05/2018,8094.319824,672.656982
18/05/2018,8250.969727,694.367004
19/05/2018,8247.179688,696.530029
20/05/2018,8513.25,715.369019
21/05/2018,8418.990234,699.221985
22/05/2018,8041.779785,647.741028
23/05/2018,7557.819824,583.585022
24/05/2018,7587.339844,601.755005
25/05/2018,7480.140137,586.734009
26/05/2018,7355.879883,587.280029
27/05/2018,7368.220215,572.66803
28/05/2018,7135.990234,516.036011
29/05/2018,7472.589844,565.388
30/05/2018,7406.52002,559.590027
31/05/2018,7494.169922,577.64502
01/06/2018,7541.450195,580.04303
02/06/2018,7643.450195,591.807983
03/06/2018,7720.25,618.328979
04/06/2018,7514.470215,592.984985
05/06/2018,7633.759766,609.302979
06/06/2018,7653.97998,607.124023
07/06/2018,7678.240234,605.187012
08/06/2018,7624.919922,601.077026
09/06/2018,7531.97998,597.562012
10/06/2018,6786.02002,526.479004
11/06/2018,6906.919922,533.283997
12/06/2018,6582.359863,496.842987
13/06/2018,6349.899902,477.493988
14/06/2018,6675.350098,519.742004
15/06/2018,6456.580078,491.003998
16/06/2018,6550.160156,499.641998
17/06/2018,6499.27002,500.447998
18/06/2018,6734.819824,518.890991
19/06/2018,6769.939941,537.95697
20/06/2018,6776.549805,536.268005
21/06/2018,6729.740234,527.367004
22/06/2018,6083.689941,465.816986
23/06/2018,6162.47998,474.519989
24/06/2018,6173.22998,457.671997
25/06/2018,6249.180176,460.309998
26/06/2018,6093.669922,432.772003
27/06/2018,6157.129883,442.36499
28/06/2018,5903.439941,422.36499
29/06/2018,6218.299805,436.009003
30/06/2018,6404,455.179993
01/07/2018,6385.819824,453.917999
02/07/2018,6614.180176,475.346985
03/07/2018,6529.589844,464.195007
04/07/2018,6597.549805,467.317993
05/07/2018,6639.140137,474.411987
06/07/2018,6673.5,474.011993
07/07/2018,6856.930176,491.660004
08/07/2018,6773.879883,489.118988
09/07/2018,6741.75,476.682007
10/07/2018,6329.950195,434.424011
11/07/2018,6394.709961,446.518005
12/07/2018,6228.810059,430.074005
13/07/2018,6238.049805,434.027008
14/07/2018,6276.120117,436.085999
15/07/2018,6359.640137,449.850006
16/07/2018,6741.75,480.65799
17/07/2018,7321.040039,501.002014
18/07/2018,7370.779785,480.513
19/07/2018,7466.859863,469.618988
20/07/2018,7354.129883,450.697998
21/07/2018,7419.290039,462.436005
22/07/2018,7418.490234,459.657013
23/07/2018,7711.109863,450.852997
24/07/2018,8424.269531,479.372986
25/07/2018,8181.390137,472.493011
26/07/2018,7951.580078,464.036987
27/07/2018,8165.009766,469.665985
28/07/2018,8192.150391,466.89801
29/07/2018,8218.459961,466.665009
30/07/2018,8180.47998,457.080994
31/07/2018,7780.439941,433.867004
01/08/2018,7624.910156,420.747009
02/08/2018,7567.149902,412.621002
03/08/2018,7434.390137,418.261993
04/08/2018,7032.850098,407.252014
05/08/2018,7068.47998,410.515991
06/08/2018,6951.799805,406.65799
07/08/2018,6753.120117,380.214996
08/08/2018,6305.799805,356.613007
09/08/2018,6568.22998,365.588013
10/08/2018,6184.709961,334.175995
11/08/2018,6295.72998,322.112
12/08/2018,6322.689941,319.570007
13/08/2018,6297.569824,286.494995
14/08/2018,6199.709961,278.932007
15/08/2018,6308.52002,282.364014
16/08/2018,6334.72998,288.04599
17/08/2018,6580.629883,315.729004
18/08/2018,6423.759766,295.812012
19/08/2018,6506.069824,300.834015
20/08/2018,6308.529785,274.315002
21/08/2018,6488.759766,281.944
22/08/2018,6376.709961,271.341003
23/08/2018,6534.879883,277.104004
24/08/2018,6719.959961,282.96701
25/08/2018,6763.189941,279.645996
26/08/2018,6707.259766,275.196991
27/08/2018,6884.640137,285.602997
28/08/2018,7096.279785,296.498993
29/08/2018,7047.160156,289.312012
30/08/2018,6978.22998,284.105011
31/08/2018,7037.580078,283.003998
01/09/2018,7193.25,295.341003
02/09/2018,7272.720215,294.371002
03/09/2018,7260.060059,289.259003
04/09/2018,7361.660156,285.722992
05/09/2018,6792.830078,232.330994
06/09/2018,6529.169922,230.214996
07/09/2018,6467.069824,217.203003
08/09/2018,6225.97998,197.951004
09/09/2018,6300.859863,196.923996
10/09/2018,6329.700195,197.078995
11/09/2018,6321.200195,185.065994
12/09/2018,6351.799805,183.330994
13/09/2018,6517.310059,211.354004
14/09/2018,6512.709961,211.748993
15/09/2018,6543.200195,223.074005
16/09/2018,6517.180176,220.589005
17/09/2018,6281.200195,197.875
18/09/2018,6371.299805,209.975006
19/09/2018,6398.540039,209.968994
20/09/2018,6519.669922,224.591003
21/09/2018,6734.950195,246.584
22/09/2018,6721.97998,240.479996
23/09/2018,6710.629883,244.330002
24/09/2018,6595.410156,228.729996
25/09/2018,6446.470215,218.505005
26/09/2018,6495,215.847
27/09/2018,6676.75,228.494003
28/09/2018,6644.129883,222.401993
29/09/2018,6601.959961,231.634995
30/09/2018,6625.560059,232.848007
01/10/2018,6589.620117,230.768005
02/10/2018,6556.100098,227.181
03/10/2018,6502.589844,220.488998
04/10/2018,6576.689941,222.218002
05/10/2018,6622.47998,227.600998
06/10/2018,6588.310059,225.119995
07/10/2018,6602.950195,226.119003
08/10/2018,6652.22998,229.255005
09/10/2018,6642.640137,227.981995
10/10/2018,6585.529785,225.768997
11/10/2018,6256.240234,189.498993
12/10/2018,6274.580078,196.727005
13/10/2018,6285.990234,199.841003
14/10/2018,6290.930176,195.714996
15/10/2018,6596.540039,209.703995
16/10/2018,6596.109863,210.119995
17/10/2018,6544.430176,207.082993
18/10/2018,6476.709961,203.352005
19/10/2018,6465.410156,203.727005
20/10/2018,6489.189941,205.429993
21/10/2018,6482.350098,205.141998
22/10/2018,6487.160156,204.044006
23/10/2018,6475.740234,204.335999
24/10/2018,6495.839844,203.852005
25/10/2018,6476.290039,202.718994
26/10/2018,6474.75,203.328995
27/10/2018,6480.379883,204.210007
28/10/2018,6486.390137,205.365997
29/10/2018,6332.629883,197.246994
30/10/2018,6334.27002,197.556
31/10/2018,6317.609863,197.380997
01/11/2018,6377.779785,198.871994
02/11/2018,6388.439941,200.634995
03/11/2018,6361.259766,200.186005
04/11/2018,6376.129883,207.485992
05/11/2018,6419.660156,209.091003
06/11/2018,6461.009766,218.451996
07/11/2018,6530.140137,217.182999
08/11/2018,6453.720215,212.231003
09/11/2018,6385.620117,210.074005
10/11/2018,6409.220215,212.533005
11/11/2018,6411.27002,211.339996
12/11/2018,6371.27002,210.417999
13/11/2018,6359.490234,206.826004
14/11/2018,5738.350098,181.397003
15/11/2018,5648.029785,180.806
16/11/2018,5575.549805,175.177002
17/11/2018,5554.330078,174.001007
18/11/2018,5623.540039,177.067001
19/11/2018,4871.490234,149.175003
20/11/2018,4451.870117,130.339005
21/11/2018,4602.169922,136.701004
22/11/2018,4365.939941,126.706001
23/11/2018,4347.109863,123.295998
24/11/2018,3880.76001,113.494003
25/11/2018,4009.969971,116.449997
26/11/2018,3779.129883,108.334999
27/11/2018,3820.719971,110.010002
28/11/2018,4257.419922,122.438004
29/11/2018,4278.84668,117.542648
30/11/2018,4017.268555,113.171417
01/12/2018,4214.671875,118.635559
02/12/2018,4139.87793,116.388901
03/12/2018,3894.130859,108.925018
04/12/2018,3956.893799,110.214188
05/12/2018,3753.994873,102.475555
06/12/2018,3521.101807,91.761055
07/12/2018,3419.937256,93.294563
08/12/2018,3476.114746,92.159637
09/12/2018,3614.234375,95.142059
10/12/2018,3502.656006,91.685654
11/12/2018,3424.588135,88.945305
12/12/2018,3486.950195,90.5933
13/12/2018,3313.677246,86.539314
14/12/2018,3242.484863,84.308296
15/12/2018,3236.761719,84.440811
16/12/2018,3252.839111,85.2621
17/12/2018,3545.864746,95.133827
18/12/2018,3696.059082,101.112457
19/12/2018,3745.950684,101.268578
20/12/2018,4134.441406,116.216873
21/12/2018,3896.543701,109.496231
22/12/2018,4014.182617,116.759499
23/12/2018,3998.980225,130.765259
24/12/2018,4078.599121,140.238007
25/12/2018,3815.490723,129.844345
26/12/2018,3857.297607,131.865631
27/12/2018,3654.833496,116.575912
28/12/2018,3923.918701,137.647018
29/12/2018,3820.408691,138.018341
30/12/2018,3865.952637,139.859451
31/12/2018,3742.700439,133.368256
01/01/2019,3843.52002,140.819412
02/01/2019,3943.409424,155.047684
03/01/2019,3836.741211,149.13501
04/01/2019,3857.717529,154.58194
05/01/2019,3845.19458,155.638596
06/01/2019,4076.632568,157.746201
07/01/2019,4025.248291,151.699219
08/01/2019,4030.8479,150.359634
09/01/2019,4035.296387,150.803116
10/01/2019,3678.924561,128.625183
11/01/2019,3687.365479,127.548325
12/01/2019,3661.301025,125.96653
13/01/2019,3552.953125,116.897804
14/01/2019,3706.052246,129.068726
15/01/2019,3630.675293,122.032715
16/01/2019,3655.006836,123.547066
17/01/2019,3678.563965,123.74192
18/01/2019,3657.839355,121.010262
19/01/2019,3728.568359,124.51902
20/01/2019,3601.013672,119.474831
21/01/2019,3576.032471,117.157852
22/01/2019,3604.577148,118.747551
23/01/2019,3585.123047,117.452606
24/01/2019,3600.865479,117.362885
25/01/2019,3599.765869,116.378342
26/01/2019,3602.460449,116.488739
27/01/2019,3583.96582,113.405289
28/01/2019,3470.450439,106.589973
29/01/2019,3448.116943,105.598213
30/01/2019,3486.181641,108.907539
31/01/2019,3457.792725,107.061012
01/02/2019,3487.945313,107.609787
02/02/2019,3521.060791,110.43026
03/02/2019,3464.013428,107.492668
04/02/2019,3459.154053,107.821602
05/02/2019,3466.357422,107.44352
06/02/2019,3413.767822,104.919289
07/02/2019,3399.47168,104.535301
08/02/2019,3666.780273,119.267746
09/02/2019,3671.203613,119.430885
10/02/2019,3690.188232,124.806488
11/02/2019,3648.430664,121.298393
12/02/2019,3653.528564,122.572289
13/02/2019,3632.070557,122.553604
14/02/2019,3616.880859,121.390205
15/02/2019,3620.810791,122.100388
16/02/2019,3629.787598,123.260216
17/02/2019,3673.836182,133.598877
18/02/2019,3915.714355,146.098373
19/02/2019,3947.094482,145.346191
20/02/2019,3999.820557,149.554337
21/02/2019,3954.118164,146.130844
22/02/2019,4005.526611,149.092453
23/02/2019,4142.526855,158.795425
24/02/2019,3810.42749,135.852661
25/02/2019,3882.696289,139.822861
26/02/2019,3854.35791,138.089676
27/02/2019,3851.047363,136.125961
28/02/2019,3854.7854,136.746246
01/03/2019,3859.58374,136.443619
02/03/2019,3864.415039,134.206955
03/03/2019,3847.175781,132.24942
04/03/2019,3761.557129,127.774124
05/03/2019,3896.375,137.822388
06/03/2019,3903.942627,138.789352
07/03/2019,3911.484375,138.0345
08/03/2019,3901.131592,135.127075
09/03/2019,3963.313721,137.965332
10/03/2019,3951.599854,136.758682
11/03/2019,3905.227295,133.83403
12/03/2019,3909.15625,134.442886
13/03/2019,3906.717285,133.263077
14/03/2019,3924.369141,133.711594
15/03/2019,3960.911133,137.691788
16/03/2019,4048.72583,142.398178
17/03/2019,4025.229004,140.000549
18/03/2019,4032.507324,139.374603
19/03/2019,4071.190186,140.519196
20/03/2019,4087.476318,140.686356
21/03/2019,4029.326904,136.636063
22/03/2019,4023.968262,137.181442
23/03/2019,4035.826416,138.239868
24/03/2019,4022.168213,136.986923
25/03/2019,3963.070557,135.031021
26/03/2019,3985.080811,135.460358
27/03/2019,4087.066162,140.988159
28/03/2019,4069.107178,139.416473
29/03/2019,4098.374512,142.497421
30/03/2019,4106.660156,142.092682
31/03/2019,4105.404297,141.514099
01/04/2019,4158.183105,141.830322
02/04/2019,4879.87793,163.961746
03/04/2019,4973.021973,161.458801
04/04/2019,4922.798828,158.052536
05/04/2019,5036.681152,165.514847
06/04/2019,5059.817383,165.947205
07/04/2019,5198.896973,174.531647
08/04/2019,5289.770996,180.25882
09/04/2019,5204.958496,176.114578
10/04/2019,5324.551758,177.337479
11/04/2019,5064.487793,165.497025
12/04/2019,5089.539063,164.736328
13/04/2019,5096.586426,164.513351
14/04/2019,5167.722168,167.838516
15/04/2019,5067.108398,161.574173
16/04/2019,5235.55957,167.623444
17/04/2019,5251.937988,166.95076
18/04/2019,5298.385742,173.814026
19/04/2019,5303.8125,173.708435
20/04/2019,5337.88623,173.751266
21/04/2019,5314.53125,170.046524
22/04/2019,5399.365234,171.874664
23/04/2019,5572.362305,171.4478
24/04/2019,5464.866699,165.826096
25/04/2019,5210.515625,154.459396
26/04/2019,5279.348145,156.347092
27/04/2019,5268.291016,158.434937
28/04/2019,5285.13916,157.295074
29/04/2019,5247.352539,155.201996
30/04/2019,5350.726563,162.166031
01/05/2019,5402.697266,160.818344
02/05/2019,5505.283691,162.122787
03/05/2019,5768.289551,167.952408
04/05/2019,5831.16748,164.026581
05/05/2019,5795.708496,163.450699
06/05/2019,5746.807129,172.653214
07/05/2019,5829.501465,169.79866
08/05/2019,5982.45752,170.948166
09/05/2019,6174.528809,170.289307
10/05/2019,6378.849121,173.142746
11/05/2019,7204.771484,194.304337
12/05/2019,6972.371582,187.325317
13/05/2019,7814.915039,196.846283
14/05/2019,7994.416016,217.148575
15/05/2019,8205.167969,247.153061
16/05/2019,7884.90918,264.01001
17/05/2019,7343.895508,243.764587
18/05/2019,7271.208008,234.59523
19/05/2019,8197.689453,261.292206
20/05/2019,7978.309082,251.86441
21/05/2019,7963.327637,255.215881
22/05/2019,7680.066406,244.698914
23/05/2019,7881.84668,245.965668
24/05/2019,7987.371582,249.484985
25/05/2019,8052.543945,251.759872
26/05/2019,8673.21582,267.069641
27/05/2019,8805.77832,272.86264
28/05/2019,8719.961914,271.768707
29/05/2019,8659.487305,269.455688
30/05/2019,8319.472656,255.858948
31/05/2019,8574.501953,268.113556
01/06/2019,8564.016602,265.391266
02/06/2019,8742.958008,270.225525
03/06/2019,8208.995117,252.607925
04/06/2019,7707.770996,241.338791
05/06/2019,7824.231445,247.05101
06/06/2019,7822.023438,249.474335
07/06/2019,8043.951172,250.930359
08/06/2019,7954.12793,245.738098
09/06/2019,7688.077148,233.0867
10/06/2019,8000.32959,247.520126
11/06/2019,7927.714355,245.78183
12/06/2019,8145.857422,260.90329
13/06/2019,8230.923828,256.168793
14/06/2019,8693.833008,264.087463
15/06/2019,8838.375,269.019318
16/06/2019,8994.488281,269.223206
17/06/2019,9320.352539,274.351105
18/06/2019,9081.762695,265.051849
19/06/2019,9273.521484,269.431793
20/06/2019,9527.160156,271.695007
21/06/2019,10144.55664,294.910278
22/06/2019,10701.69141,309.38031
23/06/2019,10855.37109,307.827789
24/06/2019,11011.10254,310.424683
25/06/2019,11790.91699,318.126312
26/06/2019,13016.23145,336.753174
27/06/2019,11182.80664,294.267639
28/06/2019,12407.33203,311.226105
29/06/2019,11959.37109,320.058899
30/06/2019,10817.15527,290.695984
01/07/2019,10583.13477,293.641113
02/07/2019,10801.67773,291.596436
03/07/2019,11961.26953,303.099976
04/07/2019,11215.4375,284.523224
05/07/2019,10978.45996,287.997528
06/07/2019,11208.55078,287.547119
07/07/2019,11450.84668,305.700562
08/07/2019,12285.95801,313.251404
09/07/2019,12573.8125,308.881012
10/07/2019,12156.5127,290.002319
11/07/2019,11358.66211,268.704041
12/07/2019,11815.98633,276.276703
13/07/2019,11392.37891,269.458801
14/07/2019,10256.05859,227.578064
15/07/2019,10895.08984,229.776001
16/07/2019,9477.641602,199.188675
17/07/2019,9693.802734,211.48497
18/07/2019,10666.48242,226.566162
19/07/2019,10530.73242,221.33342
20/07/2019,10767.13965,229.119217
21/07/2019,10599.10547,225.630768
22/07/2019,10343.10645,217.560013
23/07/2019,9900.767578,212.728516
24/07/2019,9811.925781,217.046371
25/07/2019,9911.841797,219.617996
26/07/2019,9870.303711,219.629608
27/07/2019,9477.677734,207.40831
28/07/2019,9552.860352,211.186554
29/07/2019,9519.145508,211.268051
30/07/2019,9607.423828,210.522598
31/07/2019,10085.62793,218.654144
01/08/2019,10399.66895,217.808441
02/08/2019,10518.17481,217.871567
03/08/2019,10821.72656,222.490341
04/08/2019,10970.18457,222.669724
05/08/2019,11805.65332,234.215027
06/08/2019,11478.16895,226.020645
07/08/2019,11941.96875,226.391006
08/08/2019,11966.40723,220.941864
09/08/2019,11862.93652,210.488907
10/08/2019,11354.02441,206.733536
11/08/2019,11523.5791,216.092865
12/08/2019,11382.61621,211.288071
13/08/2019,10895.83008,208.709045
14/08/2019,10051.7041,186.607742
15/08/2019,10311.5459,188.50206
16/08/2019,10374.33887,185.440079
17/08/2019,10231.74414,185.687683
18/08/2019,10345.81055,194.49353
19/08/2019,10916.05371,203.091934
20/08/2019,10763.23242,196.565414
21/08/2019,10138.04981,186.891632
22/08/2019,10131.05566,191.332916
23/08/2019,10407.96484,194.706207
24/08/2019,10159.96094,191.289566
25/08/2019,10138.51758,186.842392
26/08/2019,10370.82031,188.929382
27/08/2019,10185.5,187.516663
28/08/2019,9754.422852,173.889969
29/08/2019,9510.200195,169.516739
30/08/2019,9598.173828,168.834869
31/08/2019,9630.664063,172.469788
01/09/2019,9757.970703,171.629425
02/09/2019,10346.76074,178.347351
03/09/2019,10623.54004,179.499329
04/09/2019,10594.49316,175.992889
05/09/2019,10575.5332,174.217133
06/09/2019,10353.30273,169.956177
07/09/2019,10517.25488,178.262619
08/09/2019,10441.27637,181.35553
09/09/2019,10334.97461,181.14946
10/09/2019,10115.97559,179.78717
11/09/2019,10178.37207,178.725494
12/09/2019,10410.12695,181.016098
13/09/2019,10360.54688,181.109726
14/09/2019,10358.04883,188.105515
15/09/2019,10347.71289,189.789124
16/09/2019,10276.79395,197.113174
17/09/2019,10241.27246,208.608749
18/09/2019,10198.24805,211.393036
19/09/2019,10266.41504,221.280853
20/09/2019,10181.6416,218.050049
21/09/2019,10019.7168,215.516205
22/09/2019,10070.39258,211.54538
23/09/2019,9729.324219,201.92131
24/09/2019,8620.566406,168.110733
25/09/2019,8486.993164,170.8927
26/09/2019,8118.967773,166.727127
27/09/2019,8251.845703,174.710999
28/09/2019,8245.915039,174.572891
29/09/2019,8104.185547,170.503479
30/09/2019,8293.868164,179.872208
01/10/2019,8343.276367,177.340424
02/10/2019,8393.041992,180.71051
03/10/2019,8259.992188,175.199341
04/10/2019,8205.939453,176.985001
05/10/2019,8151.500488,176.351517
06/10/2019,7988.155762,173.059143
07/10/2019,8245.623047,181.18634
08/10/2019,8228.783203,182.021561
09/10/2019,8595.740234,193.293259
10/10/2019,8586.473633,191.659668
11/10/2019,8321.756836,182.569687
12/10/2019,8336.555664,180.826645
13/10/2019,8321.005859,182.07515
14/10/2019,8374.686523,186.960907
15/10/2019,8205.369141,181.406067
16/10/2019,8047.526855,176.013504
17/10/2019,8103.911133,178.028351
18/10/2019,7973.20752,173.621338
19/10/2019,7988.560547,172.913025
20/10/2019,8222.078125,175.534378
21/10/2019,8243.720703,174.92099
22/10/2019,8078.203125,172.300858
23/10/2019,7514.671875,162.402786
24/10/2019,7493.48877,162.168549
25/10/2019,8660.700195,181.523209
26/10/2019,9244.972656,179.83548
27/10/2019,9551.714844,184.242218
28/10/2019,9256.148438,182.662811
29/10/2019,9427.6875,190.342575
30/10/2019,9205.726563,184.692169
31/10/2019,9199.584961,183.966919
01/11/2019,9261.104492,183.969894
02/11/2019,9324.717773,183.92572
03/11/2019,9235.354492,182.425018
04/11/2019,9412.612305,186.355194
05/11/2019,9342.527344,189.304169
06/11/2019,9360.879883,191.593842
07/11/2019,9267.561523,187.976547
08/11/2019,8804.880859,184.211472
09/11/2019,8813.582031,185.028717
10/11/2019,9055.526367,189.47728
11/11/2019,8757.788086,185.489639
12/11/2019,8815.662109,186.843414
13/11/2019,8808.262695,188.258743
14/11/2019,8708.094727,185.999634
15/11/2019,8491.992188,180.521179
16/11/2019,8550.760742,183.348358
17/11/2019,8577.975586,185.119232
18/11/2019,8309.286133,180.559601
19/11/2019,8206.145508,177.455551
20/11/2019,8027.268066,175.698349
21/11/2019,7642.75,161.462723
22/11/2019,7296.577637,150.268173
23/11/2019,7397.796875,153.417786
24/11/2019,7047.916992,142.834702
25/11/2019,7146.133789,146.476532
26/11/2019,7218.371094,148.965073
27/11/2019,7531.663574,153.010559
28/11/2019,7463.105957,151.717575
29/11/2019,7761.243652,155.304153
30/11/2019,7569.629883,152.539688
01/12/2019,7424.29248,151.18573
02/12/2019,7321.988281,149.059158
03/12/2019,7320.145508,147.956421
04/12/2019,7252.034668,146.747742
05/12/2019,7448.307617,149.248993
06/12/2019,7546.996582,149.194443
07/12/2019,7556.237793,148.768158
08/12/2019,7564.345215,151.264725
09/12/2019,7400.899414,148.225174
10/12/2019,7278.119629,146.267044
11/12/2019,7217.427246,143.608002
12/12/2019,7243.134277,145.604004
13/12/2019,7269.68457,144.944748
14/12/2019,7124.673828,142.869232
15/12/2019,7152.301758,143.11499
16/12/2019,6932.480469,133.614029
17/12/2019,6640.515137,122.603889
18/12/2019,7276.802734,133.092194
19/12/2019,7202.844238,129.321136
20/12/2019,7218.816406,129.066055
21/12/2019,7191.158691,128.130951
22/12/2019,7511.588867,132.372513
23/12/2019,7355.628418,128.61409
24/12/2019,7322.532227,129.063889
25/12/2019,7275.155762,126.454636
26/12/2019,7238.966797,126.361221
27/12/2019,7290.088379,127.214607
28/12/2019,7317.990234,128.322708
29/12/2019,7422.652832,134.75798
30/12/2019,7292.995117,132.633484
31/12/2019,7193.599121,129.610855
01/01/2020,7200.174316,130.802002
02/01/2020,6985.470215,127.410179
03/01/2020,7344.884277,134.171707
04/01/2020,7410.656738,135.069366
05/01/2020,7411.317383,136.276779
06/01/2020,7769.219238,144.304153
07/01/2020,8163.692383,143.543991
08/01/2020,8079.862793,141.258133
09/01/2020,7879.071289,138.979202
10/01/2020,8166.554199,143.963776
11/01/2020,8037.537598,142.927109
12/01/2020,8192.494141,145.873932
13/01/2020,8144.194336,144.226593
14/01/2020,8827.764648,165.955353
15/01/2020,8807.010742,166.230682
16/01/2020,8723.786133,164.391006
17/01/2020,8929.038086,170.779953
18/01/2020,8942.808594,175.365677
19/01/2020,8706.245117,166.969849
20/01/2020,8657.642578,167.120514
21/01/2020,8745.894531,169.697159
22/01/2020,8680.875977,168.294159
23/01/2020,8406.515625,162.928558
24/01/2020,8445.43457,163.051178
25/01/2020,8367.847656,161.283936
26/01/2020,8596.830078,168.077103
27/01/2020,8909.819336,170.930893
28/01/2020,9358.589844,176.370316
29/01/2020,9316.629883,175.050339
30/01/2020,9508.993164,184.690475
31/01/2020,9350.529297,180.160172
01/02/2020,9392.875,183.67395
02/02/2020,9344.365234,188.617538
03/02/2020,9293.521484,189.865067
04/02/2020,9180.962891,189.250595
05/02/2020,9613.423828,204.23024
06/02/2020,9729.801758,212.339081
07/02/2020,9795.943359,222.726059
08/02/2020,9865.119141,223.146515
09/02/2020,10116.67383,228.578568
10/02/2020,9856.611328,223.522705
11/02/2020,10208.23633,235.851196
12/02/2020,10326.05469,265.406128
13/02/2020,10214.37988,268.099243
14/02/2020,10312.11621,284.217499
15/02/2020,9889.424805,264.728577
16/02/2020,9934.433594,259.894714
17/02/2020,9690.142578,266.363434
18/02/2020,10141.99609,281.94458
19/02/2020,9633.386719,259.763977
20/02/2020,9608.475586,257.949463
21/02/2020,9686.441406,265.600616
22/02/2020,9663.181641,262.331726
23/02/2020,9924.515625,273.75415
24/02/2020,9650.174805,265.216431
25/02/2020,9341.705078,247.817596
26/02/2020,8820.522461,225.680267
27/02/2020,8784.494141,226.753387
28/02/2020,8672.455078,226.760498
29/02/2020,8599.508789,219.848511
01/03/2020,8562.454102,218.970596
02/03/2020,8869.669922,230.569778
03/03/2020,8787.786133,224.47963
04/03/2020,8755.246094,224.517975
05/03/2020,9078.762695,229.268188
06/03/2020,9122.545898,243.525299
07/03/2020,8909.954102,237.853088
08/03/2020,8108.116211,200.689056
09/03/2020,7923.644531,201.986328
10/03/2020,7909.729492,200.767242
11/03/2020,7911.430176,194.86853
12/03/2020,4970.788086,112.347122
13/03/2020,5563.707031,133.201813
14/03/2020,5200.366211,123.306023
15/03/2020,5392.314941,125.214302
16/03/2020,5014.47998,110.605873
17/03/2020,5225.629395,113.942749
18/03/2020,5238.438477,114.84227
19/03/2020,6191.192871,136.593857
20/03/2020,6198.77832,132.737167
21/03/2020,6185.066406,132.81871
22/03/2020,5830.254883,123.321152
23/03/2020,6416.314941,134.911606
24/03/2020,6734.803711,138.761444
25/03/2020,6681.062988,136.195892
26/03/2020,6716.44043,138.361557
27/03/2020,6469.79834,133.937943
28/03/2020,6242.193848,130.986496
29/03/2020,5922.042969,125.583733
30/03/2020,6429.841797,132.904541
31/03/2020,6438.644531,133.593567
01/04/2020,6606.776367,135.634552
02/04/2020,6793.624512,142.029144
03/04/2020,6733.387207,142.091309
04/04/2020,6867.527344,145.219391
05/04/2020,6791.129395,143.546646
06/04/2020,7271.78125,169.13588
07/04/2020,7176.414551,165.101944
08/04/2020,7334.098633,172.641739
09/04/2020,7302.089355,170.807144
10/04/2020,6865.493164,158.412445
11/04/2020,6859.083008,158.216019
12/04/2020,6971.091797,161.142426
13/04/2020,6845.037598,156.279556
14/04/2020,6842.427734,157.59639
15/04/2020,6642.109863,153.286896
16/04/2020,7116.804199,172.157379
17/04/2020,7096.18457,171.63858
18/04/2020,7257.665039,186.914001
19/04/2020,7189.424805,181.61496
20/04/2020,6881.958496,172.297165
21/04/2020,6880.323242,172.737701
22/04/2020,7117.20752,182.599579
23/04/2020,7429.724609,185.028671
24/04/2020,7550.900879,189.236938
25/04/2020,7569.936035,195.515305
26/04/2020,7679.867188,197.317535
27/04/2020,7795.601074,197.224716
28/04/2020,7807.058594,198.41539
29/04/2020,8801.038086,216.968231
30/04/2020,8658.553711,207.602051
01/05/2020,8864.766602,214.219101
02/05/2020,8988.59668,215.325378
03/05/2020,8897.46875,210.933151
04/05/2020,8912.654297,208.174011
05/05/2020,9003.070313,206.774399
06/05/2020,9268.761719,204.055786
07/05/2020,9951.518555,212.289413
08/05/2020,9842.666016,212.991577
09/05/2020,9593.896484,211.600128
10/05/2020,8756.430664,188.599564
11/05/2020,8601.795898,185.912842
12/05/2020,8804.477539,189.3125
13/05/2020,9269.987305,199.193283
14/05/2020,9733.72168,202.949097
15/05/2020,9328.197266,195.622665
16/05/2020,9377.013672,200.677124
17/05/2020,9670.739258,207.158691
18/05/2020,9726.575195,214.525055
19/05/2020,9729.038086,213.451111
20/05/2020,9522.981445,210.096741
21/05/2020,9081.761719,199.883606
22/05/2020,9182.577148,207.169189
23/05/2020,9209.287109,208.694397
24/05/2020,8790.368164,202.370346
25/05/2020,8906.93457,205.319748
26/05/2020,8835.052734,201.902313
27/05/2020,9181.017578,208.863434
28/05/2020,9525.750977,219.840424
29/05/2020,9439.124023,220.675125
30/05/2020,9700.414063,242.345596
31/05/2020,9461.058594,230.975708
01/06/2020,10167.26856,246.99176
02/06/2020,9529.803711,237.219055
03/06/2020,9656.717773,244.179321
04/06/2020,9800.636719,244.426392
05/06/2020,9665.533203,241.221985
06/06/2020,9653.679688,241.93132
07/06/2020,9758.852539,245.167252
08/06/2020,9771.489258,246.309906
09/06/2020,9795.700195,244.911453
10/06/2020,9870.094727,247.444946
11/06/2020,9321.78125,231.702667
12/06/2020,9480.84375,237.49321
13/06/2020,9475.277344,238.908844
14/06/2020,9386.788086,234.1147
15/06/2020,9450.702148,229.928909
16/06/2020,9538.024414,234.416168
17/06/2020,9480.254883,233.028275
18/06/2020,9411.84082,232.101166
19/06/2020,9288.018555,227.13829
20/06/2020,9332.34082,229.274261
21/06/2020,9303.629883,228.989822
22/06/2020,9648.717773,242.533188
23/06/2020,9629.658203,244.142151
24/06/2020,9313.610352,235.772461
25/06/2020,9264.813477,232.944489
26/06/2020,9162.917969,229.668045
27/06/2020,9045.390625,222.959793
28/06/2020,9143.582031,225.347168
29/06/2020,9190.854492,228.19487
30/06/2020,9137.993164,226.315002
01/07/2020,9228.325195,231.113419
02/07/2020,9123.410156,229.392197
03/07/2020,9087.303711,225.38707
04/07/2020,9132.488281,229.074112
05/07/2020,9073.942383,227.664597
06/07/2020,9375.474609,241.510223
07/07/2020,9252.277344,239.075531
08/07/2020,9428.333008,246.670013
09/07/2020,9277.967773,243.015961
10/07/2020,9278.807617,240.984985
11/07/2020,9240.34668,239.458176
12/07/2020,9276.5,242.131699
13/07/2020,9243.614258,239.604584
14/07/2020,9243.213867,240.211487
15/07/2020,9192.836914,238.423523
16/07/2020,9132.227539,233.640884
17/07/2020,9151.392578,232.773087
18/07/2020,9159.040039,235.48381
19/07/2020,9185.817383,238.487518
20/07/2020,9164.231445,236.153168
21/07/2020,9374.887695,245.016724
22/07/2020,9525.363281,262.190643
23/07/2020,9581.072266,274.689056
24/07/2020,9536.892578,279.215424
25/07/2020,9677.113281,304.056763
26/07/2020,9905.166992,309.643616
27/07/2020,10990.87305,321.514099
28/07/2020,10912.82324,316.657257
29/07/2020,11100.46777,318.190887
30/07/2020,11111.21387,334.586639
31/07/2020,11323.4668,345.554657
01/08/2020,11759.59277,385.199707
02/08/2020,11053.61426,370.671722
03/08/2020,11246.34863,386.295166
04/08/2020,11205.89258,389.875488
05/08/2020,11747.02246,401.590576
06/08/2020,11779.77344,394.961945
07/08/2020,11601.47266,379.512848
08/08/2020,11754.0459,393.987366
09/08/2020,11675.73926,391.120453
10/08/2020,11878.11133,395.887573
11/08/2020,11410.52539,380.384064
12/08/2020,11584.93457,391.02417
13/08/2020,11784.1377,428.741791
14/08/2020,11768.87109,437.397827
15/08/2020,11865.69824,433.354919
16/08/2020,11892.80371,433.786621
17/08/2020,12254.40234,429.53125
18/08/2020,11991.2334,423.669312
19/08/2020,11758.2832,406.463776
20/08/2020,11878.37207,416.439789
21/08/2020,11592.48926,389.126343
22/08/2020,11681.8252,395.835144
23/08/2020,11664.84766,391.384491
24/08/2020,11774.5957,408.144196
25/08/2020,11366.13477,384.001038
26/08/2020,11488.36328,386.466125
27/08/2020,11323.39746,382.632629
28/08/2020,11542.5,395.874664
29/08/2020,11506.86523,399.921478
30/08/2020,11711.50586,428.395721
31/08/2020,11680.82031,435.079742
01/09/2020,11970.47852,477.05191
02/09/2020,11414.03418,440.040497
03/09/2020,10245.29688,385.671936
04/09/2020,10511.81348,388.24115
05/09/2020,10169.56738,335.260071
06/09/2020,10280.35156,353.362274
07/09/2020,10369.56348,352.673492
08/09/2020,10131.5166,337.602112
09/09/2020,10242.34766,351.110016
10/09/2020,10363.13867,368.101898
11/09/2020,10400.91504,374.695587
12/09/2020,10442.1709,387.183105
13/09/2020,10323.75586,365.570007
14/09/2020,10680.83789,377.26886
15/09/2020,10796.95117,364.839203
16/09/2020,10974.90527,365.812286
17/09/2020,10948.99023,389.019226
18/09/2020,10944.58594,384.364532
19/09/2020,11094.34668,385.544373
20/09/2020,10938.27148,371.052826
21/09/2020,10462.25977,341.786072
22/09/2020,10538.45996,344.503174
23/09/2020,10246.18652,321.116302
24/09/2020,10760.06641,349.355591
25/09/2020,10692.7168,352.183258
26/09/2020,10750.72363,355.488098
27/09/2020,10775.26953,357.438507
28/09/2020,10709.65234,355.159424
29/09/2020,10844.64063,359.757385
30/09/2020,10784.49121,359.937866
01/10/2020,10619.45215,353.205902
02/10/2020,10575.97461,346.238922
03/10/2020,10549.3291,346.522095
04/10/2020,10669.58301,352.57901
05/10/2020,10793.33984,353.956787
06/10/2020,10604.40625,340.815857
07/10/2020,10668.96875,341.808655
08/10/2020,10915.68555,350.766144
09/10/2020,11064.45801,365.590485
10/10/2020,11296.36133,370.96759
11/10/2020,11384.18164,375.142059
12/10/2020,11555.36328,387.731262
13/10/2020,11425.89941,381.190765
14/10/2020,11429.50684,379.484039
15/10/2020,11495.34961,377.441833
16/10/2020,11322.12305,366.229004
17/10/2020,11358.10156,368.855927
18/10/2020,11483.35938,378.213684
19/10/2020,11742.03711,379.935608
20/10/2020,11916.33496,369.136902
21/10/2020,12823.68945,392.189972
22/10/2020,12965.8916,413.77298
23/10/2020,12931.53906,409.766693
24/10/2020,13108.0625,412.457611
25/10/2020,13031.17383,406.217773
26/10/2020,13075.24805,393.888306
27/10/2020,13654.21875,403.99704
28/10/2020,13271.28516,388.650757
29/10/2020,13437.88281,386.730103
30/10/2020,13546.52246,382.819977
31/10/2020,13780.99512,386.590332
01/11/2020,13737.10938,396.358185
02/11/2020,13550.48926,383.156738
03/11/2020,13950.30078,387.602173
04/11/2020,14133.70703,402.141998
05/11/2020,15579.84863,414.067352
06/11/2020,15565.88086,454.719299
07/11/2020,14833.75391,435.713135
08/11/2020,15479.56738,453.554779
09/11/2020,15332.31543,444.163055
10/11/2020,15290.90234,449.679626
11/11/2020,15701.33984,462.960541
12/11/2020,16276.34375,461.00528
13/11/2020,16317.80859,474.626434
14/11/2020,16068.13867,460.149841
15/11/2020,15955.58789,447.559082
16/11/2020,16716.11133,459.940308
17/11/2020,17645.40625,480.360077
18/11/2020,17804.00586,479.48407
19/11/2020,17817.08984,471.630432
20/11/2020,18621.31445,509.744568
21/11/2020,18642.23242,549.486633
22/11/2020,18370.00195,558.068115
23/11/2020,18364.12109,608.454041
24/11/2020,19107.46484,603.897766
25/11/2020,18732.12109,570.686646
26/11/2020,17150.62305,518.801147
27/11/2020,17108.40234,517.493713
28/11/2020,17717.41406,538.229797
29/11/2020,18177.48438,575.758057
30/11/2020,19625.83594,614.842529
01/12/2020,18802.99805,587.324158
02/12/2020,19201.0918,598.352356
03/12/2020,19445.39844,616.70874
04/12/2020,18699.76563,569.354187
05/12/2020,19154.23047,596.595459
06/12/2020,19345.12109,601.908997
07/12/2020,19191.63086,591.843384
08/12/2020,18321.14453,554.827759
09/12/2020,18553.91602,573.479126
10/12/2020,18264.99219,559.678528
11/12/2020,18058.9043,545.797363
12/12/2020,18803.65625,568.567322
13/12/2020,19142.38281,589.663208
14/12/2020,19246.64453,586.011169
15/12/2020,19417.07617,589.355591
16/12/2020,21310.59766,636.181824
17/12/2020,22805.16211,642.868958
18/12/2020,23137.96094,654.811951
19/12/2020,23869.83203,659.297913
20/12/2020,23477.29492,638.290833
21/12/2020,22803.08203,609.817871
22/12/2020,23783.0293,634.854187
23/12/2020,23241.3457,583.7146
24/12/2020,23735.94922,611.607178
25/12/2020,24664.79102,626.410706
26/12/2020,26437.03711,635.835815
27/12/2020,26272.29492,682.642334
28/12/2020,27084.80859,730.397339
29/12/2020,27362.4375,731.520142
30/12/2020,28840.95313,751.618958
31/12/2020,29001.7207,737.803406
01/01/2021,29374.15234,730.367554
02/01/2021,32127.26758,774.534973
03/01/2021,32782.02344,975.50769
04/01/2021,31971.91406,1040.233032
05/01/2021,33992.42969,1100.006104
06/01/2021,36824.36328,1207.112183
07/01/2021,39371.04297,1225.678101
08/01/2021,40797.60938,1224.197144
09/01/2021,40254.54688,1281.077271
10/01/2021,38356.44141,1262.246704
11/01/2021,35566.65625,1090.145386
12/01/2021,33922.96094,1043.43457
13/01/2021,37316.35938,1130.73938
14/01/2021,39187.32813,1218.453003
15/01/2021,36825.36719,1171.834595
16/01/2021,36178.14063,1233.537598
17/01/2021,35791.27734,1230.172241
18/01/2021,36630.07422,1257.279541
19/01/2021,36069.80469,1377.295898
20/01/2021,35547.75,1382.274048
21/01/2021,30825.69922,1121.570923
22/01/2021,33005.76172,1236.512207
23/01/2021,32067.64258,1230.990601
24/01/2021,32289.37891,1391.609375
25/01/2021,32366.39258,1324.414795
26/01/2021,32569.84961,1357.058105
27/01/2021,30432.54688,1253.187134
28/01/2021,33466.09766,1332.492188
29/01/2021,34316.38672,1382.522827
30/01/2021,34269.52344,1376.115479
31/01/2021,33114.35938,1314.986206
01/02/2021,33537.17578,1369.040527
02/02/2021,35510.28906,1515.193726
03/02/2021,37472.08984,1660.909546
04/02/2021,36926.06641,1594.762695
05/02/2021,38144.30859,1718.650879
06/02/2021,39266.01172,1677.846802
07/02/2021,38903.44141,1614.227783
08/02/2021,46196.46484,1746.616821
09/02/2021,46481.10547,1768.035034
10/02/2021,44918.18359,1744.243408
11/02/2021,47909.33203,1783.797974
12/02/2021,47504.85156,1843.532593
13/02/2021,47105.51563,1814.109863
14/02/2021,48717.28906,1805.084106
15/02/2021,47945.05859,1779.791016
16/02/2021,49199.87109,1781.067505
17/02/2021,52149.00781,1848.458252
18/02/2021,51679.79688,1937.449219
19/02/2021,55888.13281,1960.164795
20/02/2021,56099.51953,1919.534058
21/02/2021,57539.94531,1935.601074
22/02/2021,54207.32031,1781.99292
23/02/2021,48824.42578,1570.203979
24/02/2021,49705.33203,1626.575684
25/02/2021,47093.85156,1475.703735
26/02/2021,46339.76172,1446.033691
27/02/2021,46188.45313,1459.973145
28/02/2021,45137.76953,1416.04895
01/03/2021,49631.24219,1564.707642
02/03/2021,48378.98828,1492.608765
03/03/2021,50538.24219,1575.853149
04/03/2021,48561.16797,1541.914307
05/03/2021,48927.30469,1533.275024
06/03/2021,48912.38281,1654.741577
07/03/2021,51206.69141,1723.153809
08/03/2021,52246.52344,1834.727905
09/03/2021,54824.11719,1868.048828
10/03/2021,56008.55078,1799.16626
11/03/2021,57805.12109,1826.194946
12/03/2021,57332.08984,1772.102417
13/03/2021,61243.08594,1924.685425
14/03/2021,59302.31641,1854.564331
15/03/2021,55907.19922,1791.702271
16/03/2021,56804.90234,1806.971802
17/03/2021,58870.89453,1823.449341
18/03/2021,57858.92188,1782.855103
19/03/2021,58346.65234,1817.624146
20/03/2021,58313.64453,1812.634644
21/03/2021,57523.42188,1788.217041
22/03/2021,54529.14453,1691.333984
23/03/2021,54738.94531,1678.650146
24/03/2021,52774.26563,1593.413452
25/03/2021,51704.16016,1595.359253
26/03/2021,55137.3125,1702.842041
27/03/2021,55973.51172,1716.494629
28/03/2021,55950.74609,1691.355957
29/03/2021,57750.19922,1819.684937
30/03/2021,58917.69141,1846.033691
31/03/2021,58918.83203,1918.362061
01/04/2021,59095.80859,1977.276855
02/04/2021,59384.3125,2143.225586
03/04/2021,57603.89063,2028.422485
04/04/2021,58758.55469,2093.122803
05/04/2021,59057.87891,2107.887207
06/04/2021,58192.35938,2118.378906
07/04/2021,56048.9375,1971.077271
08/04/2021,58323.95313,2088.57373
09/04/2021,58245.00391,2072.108887
10/04/2021,59793.23438,2135.942139
11/04/2021,60204.96484,2157.656982
12/04/2021,59893.45313,2139.353271
13/04/2021,63503.45703,2299.187744
14/04/2021,63109.69531,2435.10498
15/04/2021,63314.01172,2519.116211
16/04/2021,61572.78906,2431.946533
17/04/2021,60683.82031,2344.89502
18/04/2021,56216.18359,2237.136963
19/04/2021,55724.26563,2166.188721
20/04/2021,56473.03125,2330.210938
21/04/2021,53906.08984,2364.751709
22/04/2021,51762.27344,2403.535156
23/04/2021,51093.65234,2363.586182
24/04/2021,50050.86719,2211.625732
25/04/2021,49004.25391,2316.05957
26/04/2021,54021.75391,2534.481689
27/04/2021,55033.11719,2662.865234
28/04/2021,54824.70313,2746.380127
29/04/2021,53555.10938,2756.876953
30/04/2021,57750.17578,2773.207031
01/05/2021,57828.05078,2945.892822
02/05/2021,56631.07813,2952.056152
03/05/2021,57200.29297,3431.086182
04/05/2021,53333.53906,3253.629395
05/05/2021,57424.00781,3522.783203
06/05/2021,56396.51563,3490.880371
07/05/2021,57356.40234,3484.729004
08/05/2021,58803.77734,3902.647705
09/05/2021,58232.31641,3928.844727
10/05/2021,55859.79688,3952.293945
11/05/2021,56704.57422,4168.701172
12/05/2021,49150.53516,3785.848633
13/05/2021,49716.19141,3715.148438
14/05/2021,49880.53516,4079.057373
15/05/2021,46760.1875,3638.12207
16/05/2021,46456.05859,3587.506104
17/05/2021,43537.51172,3282.397705
18/05/2021,42909.40234,3380.070068
19/05/2021,37002.44141,2460.679199
20/05/2021,40782.73828,2784.294189
21/05/2021,37304.69141,2430.621338
22/05/2021,37536.63281,2295.705566
23/05/2021,34770.58203,2109.579834
24/05/2021,38705.98047,2643.591064
25/05/2021,38402.22266,2706.628906
26/05/2021,39294.19922,2888.69873
27/05/2021,38436.96875,2736.488525
28/05/2021,35697.60547,2419.90625
29/05/2021,34616.06641,2279.51416
30/05/2021,35678.12891,2390.30542
31/05/2021,37332.85547,2714.945313
01/06/2021,36684.92578,2633.518311
02/06/2021,37575.17969,2706.125
03/06/2021,39208.76563,2855.126465
04/06/2021,36894.40625,2688.195068
05/06/2021,35551.95703,2630.576904
06/06/2021,35862.37891,2715.092773
07/06/2021,33560.70703,2590.263184
08/06/2021,33472.63281,2517.438721
09/06/2021,37345.12109,2608.26709
10/06/2021,36702.59766,2471.518555
11/06/2021,37334.39844,2353.768799
12/06/2021,35552.51563,2372.484375
13/06/2021,39097.85938,2508.391602
14/06/2021,40218.47656,2537.891113
15/06/2021,40406.26953,2610.936768
16/06/2021,38347.0625,2367.663574
17/06/2021,38053.50391,2372.001953
18/06/2021,35787.24609,2231.733154
19/06/2021,35615.87109,2178.499023
20/06/2021,35698.29688,2246.364502
21/06/2021,31676.69336,1888.44751
22/06/2021,32505.66016,1874.950073
23/06/2021,33723.02734,1989.736328
24/06/2021,34662.4375,1988.456299
25/06/2021,31637.7793,1813.217285
26/06/2021,32186.27734,1829.239258
27/06/2021,34649.64453,1978.894653
28/06/2021,34434.33594,2079.657471
29/06/2021,35867.77734,2160.768311
30/06/2021,35040.83594,2274.547607
01/07/2021,33572.11719,2113.605469
02/07/2021,33897.04688,2150.040283
03/07/2021,34668.54688,2226.114258
04/07/2021,35287.78125,2321.724121
05/07/2021,33746.00391,2198.58252
06/07/2021,34235.19531,2324.679443
07/07/2021,33855.32813,2315.161865
08/07/2021,32877.37109,2120.026367
09/07/2021,33798.01172,2146.692383
10/07/2021,33520.51953,2111.403564
11/07/2021,34240.1875,2139.664795
12/07/2021,33155.84766,2036.721069
13/07/2021,32702.02539,1940.083984
14/07/2021,32822.34766,1994.331299
15/07/2021,31780.73047,1911.175659
16/07/2021,31421.53906,1880.382935
17/07/2021,31533.06836,1898.825195
18/07/2021,31796.81055,1895.552124
19/07/2021,30817.83203,1817.296631
20/07/2021,29807.34766,1787.510742
21/07/2021,32110.69336,1990.970825
22/07/2021,32313.10547,2025.202759
23/07/2021,33581.55078,2124.776611
24/07/2021,34292.44531,2189.21875
25/07/2021,35350.1875,2191.373779
26/07/2021,37337.53516,2233.366699
27/07/2021,39406.94141,2298.333496
28/07/2021,39995.90625,2296.54541
29/07/2021,40008.42188,2380.956787
30/07/2021,42235.54688,2466.961426
31/07/2021,41626.19531,2536.209961
01/08/2021,39974.89453,2561.852051
02/08/2021,39201.94531,2610.15332
03/08/2021,38152.98047,2502.349609
04/08/2021,39747.50391,2724.619873
05/08/2021,40869.55469,2827.328857
06/08/2021,42816.5,2890.94165
07/08/2021,44555.80078,3157.23877
08/08/2021,43798.11719,3013.732666
09/08/2021,46365.40234,3167.856201
10/08/2021,45585.03125,3141.691162
11/08/2021,45593.63672,3164.245117
12/08/2021,44428.28906,3043.414307
13/08/2021,47793.32031,3322.21167
14/08/2021,47096.94531,3265.443359
15/08/2021,47047.00391,3310.50415
16/08/2021,46004.48438,3156.509521
17/08/2021,44695.35938,3014.845947
18/08/2021,44801.1875,3020.089844
19/08/2021,46717.57813,3182.702148
20/08/2021,49339.17578,3286.935303
21/08/2021,48905.49219,3226.083984
22/08/2021,49321.65234,3242.115479
23/08/2021,49546.14844,3319.257324
24/08/2021,47706.11719,3172.456299
25/08/2021,48960.78906,3224.915283
26/08/2021,46942.21875,3100.325439
27/08/2021,49058.66797,3270.60083
28/08/2021,48902.40234,3244.40332
29/08/2021,48829.83203,3227.002686
30/08/2021,47054.98438,3224.374268
31/08/2021,47166.6875,3433.732666
01/09/2021,48847.02734,3834.828125
02/09/2021,49327.72266,3790.98999
03/09/2021,50025.375,3940.614746
04/09/2021,49944.625,3887.828369
05/09/2021,51753.41016,3952.133545
06/09/2021,52633.53516,3928.379395
07/09/2021,46811.12891,3426.394287
08/09/2021,46091.39063,3497.315186
09/09/2021,46391.42188,3427.340088
10/09/2021,44883.91016,3211.505859
11/09/2021,45201.45703,3270.278076
12/09/2021,46063.26953,3410.134521
13/09/2021,44963.07422,3285.511719
14/09/2021,47092.49219,3429.169678
15/09/2021,48176.34766,3615.282715
16/09/2021,47783.35938,3571.294922
17/09/2021,47267.51953,3398.538818
18/09/2021,48278.36328,3432.018311
19/09/2021,47260.21875,3329.447998
20/09/2021,42843.80078,2958.993408
21/09/2021,40693.67578,2764.431152
22/09/2021,43574.50781,3077.86792
23/09/2021,44895.09766,3155.523682
24/09/2021,42839.75,2931.669189
25/09/2021,42716.59375,2925.565674
26/09/2021,43208.53906,3062.265381
27/09/2021,42235.73047,2934.138916
28/09/2021,41034.54297,2807.296631
29/09/2021,41564.36328,2853.143311
30/09/2021,43790.89453,3001.678955
01/10/2021,48116.94141,3307.516113
02/10/2021,47711.48828,3391.694336
03/10/2021,48199.95313,3418.358643
04/10/2021,49112.90234,3380.089111
05/10/2021,51514.8125,3518.518555
06/10/2021,55361.44922,3580.562012
07/10/2021,53805.98438,3587.974854
08/10/2021,53967.84766,3563.759277
09/10/2021,54968.22266,3575.716797
10/10/2021,54771.57813,3425.852783
11/10/2021,57484.78906,3545.354004
12/10/2021,56041.05859,3492.573242
13/10/2021,57401.09766,3606.20166
14/10/2021,57321.52344,3786.01416
15/10/2021,61593.94922,3862.634766
16/10/2021,60892.17969,3830.38208
17/10/2021,61553.61719,3847.104492
18/10/2021,62026.07813,3748.760254
19/10/2021,64261.99219,3877.650879
20/10/2021,65992.83594,4155.992188
21/10/2021,62210.17188,4054.322754
22/10/2021,60692.26563,3970.181885
23/10/2021,61393.61719,4171.663574
24/10/2021,60930.83594,4087.903076
25/10/2021,63039.82422,4217.876953
26/10/2021,60363.79297,4131.102051
27/10/2021,58482.38672,3930.257324
28/10/2021,60622.13672,4287.318848
29/10/2021,62227.96484,4414.746582
30/10/2021,61888.83203,4325.650391
31/10/2021,61318.95703,4288.074219
01/11/2021,61004.40625,4324.626953
02/11/2021,63226.40234,4584.798828
03/11/2021,62970.04688,4607.193848
04/11/2021,61452.23047,4537.324219
05/11/2021,61125.67578,4486.243164
06/11/2021,61527.48047,4521.581055
07/11/2021,63326.98828,4620.554688
08/11/2021,67566.82813,4812.087402
09/11/2021,66971.82813,4735.068848
10/11/2021,64995.23047,4636.174316
11/11/2021,64949.96094,4730.384277
12/11/2021,64155.94141,4667.115234
13/11/2021,64469.52734,4651.460449
14/11/2021,65466.83984,4626.358887
15/11/2021,63557.87109,4557.503906
16/11/2021,60161.24609,4216.365234
17/11/2021,60368.01172,4287.59375
18/11/2021,56942.13672,4000.650879
19/11/2021,58119.57813,4298.306641
20/11/2021,59697.19531,4409.931152
21/11/2021,58730.47656,4269.73291
22/11/2021,56289.28906,4088.457764
23/11/2021,57569.07422,4340.763672
24/11/2021,56280.42578,4239.981445
25/11/2021,57274.67969,4274.743164
26/11/2021,53569.76563,4030.908936
27/11/2021,54815.07813,4096.912109
28/11/2021,57248.45703,4294.453613
29/11/2021,57806.56641,4445.10498
30/11/2021,57005.42578,4631.479004
01/12/2021,57229.82813,4586.990234
02/12/2021,56477.81641,4511.302246
03/12/2021,53598.24609,4220.706055
04/12/2021,49200.70313,4119.587402
05/12/2021,49368.84766,4198.322754
06/12/2021,50582.625,4358.737305
07/12/2021,50700.08594,4315.061523
08/12/2021,50504.79688,4439.35791
09/12/2021,47672.12109,4119.815918
10/12/2021,47243.30469,3908.496094
11/12/2021,49362.50781,4084.452393
12/12/2021,50098.33594,4134.453125
13/12/2021,46737.48047,3784.226807
14/12/2021,46612.63281,3745.44043
15/12/2021,48896.72266,4018.388672
16/12/2021,47665.42578,3962.469727
17/12/2021,46202.14453,3879.486572
18/12/2021,46848.77734,3960.860107
19/12/2021,46707.01563,3922.592529
20/12/2021,46880.27734,3933.844482
21/12/2021,48936.61328,4020.26001
22/12/2021,48628.51172,3982.099609
23/12/2021,50784.53906,4108.015625
24/12/2021,50822.19531,4047.98291
25/12/2021,50429.85938,4093.281006
26/12/2021,50809.51563,4067.328125
27/12/2021,50640.41797,4037.547607
28/12/2021,47588.85547,3800.893066
29/12/2021,46444.71094,3628.531738
30/12/2021,47178.125,3713.852051
31/12/2021,46306.44531,3682.632813
01/01/2022,47686.8125,3769.697021
02/01/2022,47345.21875,3829.564941
03/01/2022,46458.11719,3761.380371
04/01/2022,45897.57422,3794.056641
05/01/2022,43569.00391,3550.386963
06/01/2022,43160.92969,3418.408203
07/01/2022,41557.90234,3193.210449
08/01/2022,41733.94141,3091.972656
09/01/2022,41911.60156,3157.751465
10/01/2022,41821.26172,3083.0979
11/01/2022,42735.85547,3238.111572
12/01/2022,43949.10156,3372.258301
13/01/2022,42591.57031,3248.288574
14/01/2022,43099.69922,3310.001465
15/01/2022,43177.39844,3330.530762
16/01/2022,43113.87891,3350.921875
17/01/2022,42250.55078,3212.304932
18/01/2022,42375.63281,3164.025146
19/01/2022,41744.32813,3095.825928
20/01/2022,40680.41797,3001.120117
21/01/2022,36457.31641,2557.931641
22/01/2022,35030.25,2405.181152
23/01/2022,36276.80469,2535.039063
24/01/2022,36654.32813,2440.352295
25/01/2022,36954.00391,2455.935059
26/01/2022,36852.12109,2468.030273
27/01/2022,37138.23438,2423.001221
28/01/2022,37784.33203,2547.092041
29/01/2022,38138.17969,2597.084717
30/01/2022,37917.60156,2603.466553
31/01/2022,38483.125,2688.278809
01/02/2022,38743.27344,2792.117188
02/02/2022,36952.98438,2682.854004
03/02/2022,37154.60156,2679.162598
04/02/2022,41500.875,2983.586914
05/02/2022,41441.16406,3014.648193
06/02/2022,42412.43359,3057.476074
07/02/2022,43840.28516,3142.470703
08/02/2022,44118.44531,3122.608643
09/02/2022,44338.79688,3239.457031
10/02/2022,43565.11328,3077.482178
11/02/2022,42407.9375,2927.383545
12/02/2022,42244.46875,2917.362793
13/02/2022,42197.51563,2883.463379
14/02/2022,42586.91797,2933.479004
15/02/2022,44575.20313,3179.877197
16/02/2022,43961.85938,3127.830078
17/02/2022,40538.01172,2881.481934
18/02/2022,40030.97656,2785.727539
19/02/2022,40122.15625,2763.701172
20/02/2022,38431.37891,2628.648438
21/02/2022,37075.28125,2573.816162
22/02/2022,38286.02734,2639.299316
23/02/2022,37296.57031,2590.359619
24/02/2022,38332.60938,2598.067139
25/02/2022,39214.21875,2764.535645
26/02/2022,39105.14844,2781.111816
27/02/2022,37709.78516,2621.801758
28/02/2022,43193.23438,2919.201172
01/03/2022,44354.63672,2972.485107
02/03/2022,43924.11719,2950.118408
03/03/2022,42451.78906,2834.468994
04/03/2022,39137.60547,2617.156006
05/03/2022,39400.58594,2664.831055
06/03/2022,38419.98438,2555.037354
07/03/2022,38062.03906,2497.77124
08/03/2022,38737.26953,2576.747559
09/03/2022,41982.92578,2729.783447
10/03/2022,39437.46094,2608.048584
11/03/2022,38794.97266,2559.562988
12/03/2022,38904.01172,2574.75415
13/03/2022,37849.66406,2518.94458
14/03/2022,39666.75391,2590.696045
15/03/2022,39338.78516,2620.149658
16/03/2022,41143.92969,2772.055664
17/03/2022,40951.37891,2814.854492
18/03/2022,41801.15625,2945.343018
19/03/2022,42190.65234,2946.25708
20/03/2022,41247.82422,2860.459229
21/03/2022,41077.99609,2897.976563
22/03/2022,42358.80859,2973.131104
23/03/2022,42892.95703,3031.067139
24/03/2022,43960.93359,3108.062012
25/03/2022,44348.73047,3106.671387
26/03/2022,44500.82813,3143.178955
27/03/2022,46820.49219,3291.577637
28/03/2022,47128.00391,3336.634521
29/03/2022,47465.73047,3401.987793
30/03/2022,47062.66406,3385.157959
31/03/2022,45538.67578,3281.642822
01/04/2022,46281.64453,3449.552246
02/04/2022,45868.94922,3445.059326
03/04/2022,46453.56641,3522.833496
04/04/2022,46622.67578,3521.241211
05/04/2022,45555.99219,3411.79248
06/04/2022,43206.73828,3171.691895
07/04/2022,43503.84766,3233.274658
08/04/2022,42287.66406,3192.073975
09/04/2022,42782.13672,3261.91626
10/04/2022,42207.67188,3211.866943
11/04/2022,39521.90234,2981.052246
12/04/2022,40127.18359,3030.376465
13/04/2022,41166.73047,3118.344238
14/04/2022,39935.51563,3019.909424
15/04/2022,40553.46484,3040.916504
16/04/2022,40424.48438,3062.310303
17/04/2022,39716.95313,2993.40332
18/04/2022,40826.21484,3057.606689
19/04/2022,41502.75,3104.106445
20/04/2022,41374.37891,3077.74585
21/04/2022,40527.36328,2987.480713
22/04/2022,39740.32031,2964.835693
23/04/2022,39486.73047,2938.114014
24/04/2022,39469.29297,2922.732666
25/04/2022,40458.30859,3009.393555
26/04/2022,38117.46094,2808.29834
27/04/2022,39241.12109,2888.929688
28/04/2022,39773.82813,2936.940918
29/04/2022,38609.82422,2815.601807
30/04/2022,37714.875,2730.186768
01/05/2022,38469.09375,2827.756104
02/05/2022,38529.32813,2857.4104
03/05/2022,37750.45313,2783.476318
04/05/2022,39698.37109,2940.644775
05/05/2022,36575.14063,2749.213135
06/05/2022,36040.92188,2694.979736
07/05/2022,35501.95313,2636.093018
08/05/2022,34059.26563,2517.459961
09/05/2022,30296.95313,2245.43042
10/05/2022,31022.90625,2343.510986
11/05/2022,28936.35547,2072.108643
12/05/2022,29047.75195,1961.701538
13/05/2022,29283.10352,2014.418213
14/05/2022,30101.26563,2056.273926
15/05/2022,31305.11328,2145.706787
16/05/2022,29862.91797,2022.725952
17/05/2022,30425.85742,2090.40918
18/05/2022,28720.27148,1916.656128
19/05/2022,30314.33398,2018.336182
20/05/2022,29200.74023,1961.315674
21/05/2022,29432.22656,1974.518311
22/05/2022,30323.72266,2043.170166
23/05/2022,29098.91016,1972.181885
24/05/2022,29655.58594,1978.982788
25/05/2022,29562.36133,1944.827881
26/05/2022,29267.22461,1803.91333
27/05/2022,28627.57422,1724.922852
28/05/2022,28814.90039,1757.941772
29/05/2022,29445.95703,1812.031006
30/05/2022,31726.39063,1996.441284
31/05/2022,31792.31055,1942.328003
01/06/2022,29799.08008,1823.569336
02/06/2022,30467.48828,1834.150513
03/06/2022,29704.39063,1775.078613
04/06/2022,29832.91406,1801.609497
05/06/2022,29906.66211,1805.204956
06/06/2022,31370.67188,1859.289673
07/06/2022,31155.47852,1814.04834
08/06/2022,30214.35547,1793.572266
09/06/2022,30111.99805,1789.82605
10/06/2022,29083.80469,1665.042236
11/06/2022,28360.81055,1529.663452
12/06/2022,26762.64844,1445.216553
13/06/2022,22487.38867,1204.582764
14/06/2022,22206.79297,1211.662842
15/06/2022,22572.83984,1233.206421
16/06/2022,20381.65039,1067.730713
17/06/2022,20471.48242,1086.519287
18/06/2022,19017.64258,993.63678
19/06/2022,20553.27148,1127.656494
20/06/2022,20599.53711,1127.642456
21/06/2022,20710.59766,1124.824585
22/06/2022,19987.0293,1051.421875
23/06/2022,21085.87695,1143.386719
24/06/2022,21231.65625,1226.844727
25/06/2022,21502.33789,1243.446899
26/06/2022,21027.29492,1199.831665
27/06/2022,20735.47852,1193.680664
28/06/2022,20280.63477,1144.579224
29/06/2022,20104.02344,1098.943848
30/06/2022,19784.72656,1067.298828
01/07/2022,19269.36719,1059.767334